{
  "project_info": {
    "project_number": "923444398914",
    "project_id": "smartstudyhubproject",
    "storage_bucket": "smartstudyhubproject.appspot.com"
  },
  "client": [
    {
      "client_info": {
        "mobilesdk_app_id": "1:923444398914:android:849e924835099ba07c56db",
        "android_client_info": {
          "package_name": "your.bundle.identifier"
        }
      },
      "oauth_client": [],
      "api_key": [
        {
          "current_key": "AIzaSyCPgTT2OmOThuQJIezbgrAltq0oGHMJlj4"
        }
      ],
      "services": {
        "appinvite_service": {
          "other_platform_oauth_client": []
        }
      }
    }
  ],
  "configuration_version": "1"
}